{
	"info": {
		"_postman_id": "07ee73be-0339-45b5-9256-6b1f36ffa00c",
		"name": "Blockchain",
		"schema": "https://schema.getpostman.com/json/collection/v2.1.0/collection.json"
	},
	"item": [
		{
			"name": "5001-Get Blockchain",
			"request": {
				"method": "GET",
				"header": [],
				"url": {
					"raw": "http://0.0.0.0:5001/get_chain",
					"protocol": "http",
					"host": [
						"0",
						"0",
						"0",
						"0"
					],
					"port": "5001",
					"path": [
						"get_chain"
					]
				}
			},
			"response": []
		},
		{
			"name": "5002-Get Blockchain",
			"request": {
				"method": "GET",
				"header": [],
				"url": {
					"raw": "http://0.0.0.0:5002/get_chain",
					"protocol": "http",
					"host": [
						"0",
						"0",
						"0",
						"0"
					],
					"port": "5002",
					"path": [
						"get_chain"
					]
				}
			},
			"response": []
		},
		{
			"name": "5003-Get Blockchain",
			"request": {
				"method": "GET",
				"header": [],
				"url": {
					"raw": "http://0.0.0.0:5003/get_chain",
					"protocol": "http",
					"host": [
						"0",
						"0",
						"0",
						"0"
					],
					"port": "5003",
					"path": [
						"get_chain"
					]
				}
			},
			"response": []
		},
		{
			"name": "5001-PoW",
			"request": {
				"method": "GET",
				"header": [],
				"url": {
					"raw": "http://0.0.0.0:5001/get_chain",
					"protocol": "http",
					"host": [
						"0",
						"0",
						"0",
						"0"
					],
					"port": "5001",
					"path": [
						"get_chain"
					]
				}
			},
			"response": []
		},
		{
			"name": "5002-PoW",
			"request": {
				"method": "GET",
				"header": [],
				"url": {
					"raw": "http://0.0.0.0:5002/pow",
					"protocol": "http",
					"host": [
						"0",
						"0",
						"0",
						"0"
					],
					"port": "5002",
					"path": [
						"pow"
					]
				}
			},
			"response": []
		},
		{
			"name": "5003-PoW",
			"request": {
				"method": "GET",
				"header": [],
				"url": {
					"raw": "http://0.0.0.0:5003/pow",
					"protocol": "http",
					"host": [
						"0",
						"0",
						"0",
						"0"
					],
					"port": "5003",
					"path": [
						"pow"
					]
				}
			},
			"response": []
		},
		{
			"name": "5001-Mine Block",
			"request": {
				"method": "GET",
				"header": [],
				"url": {
					"raw": "http://0.0.0.0:5001/mine_block",
					"protocol": "http",
					"host": [
						"0",
						"0",
						"0",
						"0"
					],
					"port": "5001",
					"path": [
						"mine_block"
					]
				}
			},
			"response": []
		},
		{
			"name": "5002-Mine Block",
			"request": {
				"method": "GET",
				"header": [],
				"url": {
					"raw": "http://0.0.0.0:5002/mine_block",
					"protocol": "http",
					"host": [
						"0",
						"0",
						"0",
						"0"
					],
					"port": "5002",
					"path": [
						"mine_block"
					]
				}
			},
			"response": []
		},
		{
			"name": "5003-Mine Block",
			"request": {
				"method": "GET",
				"header": [],
				"url": {
					"raw": "http://0.0.0.0:5003/mine_block",
					"protocol": "http",
					"host": [
						"0",
						"0",
						"0",
						"0"
					],
					"port": "5003",
					"path": [
						"mine_block"
					]
				}
			},
			"response": []
		},
		{
			"name": "5001-Connect Node",
			"request": {
				"method": "POST",
				"header": [],
				"body": {
					"mode": "raw",
					"raw": "{\n    \"nodes\": [\n        \"http://127.0.0.1:5002\",\n        \"http://127.0.0.1:5003\"\n    ]\n}",
					"options": {
						"raw": {
							"language": "json"
						}
					}
				},
				"url": {
					"raw": "http://0.0.0.0:5001/connect_node",
					"protocol": "http",
					"host": [
						"0",
						"0",
						"0",
						"0"
					],
					"port": "5001",
					"path": [
						"connect_node"
					]
				}
			},
			"response": []
		},
		{
			"name": "5002-Connect Node",
			"request": {
				"method": "POST",
				"header": [],
				"body": {
					"mode": "raw",
					"raw": "{\n    \"nodes\": [\n        \"http://127.0.0.1:5001\",\n        \"http://127.0.0.1:5003\"\n    ]\n}",
					"options": {
						"raw": {
							"language": "json"
						}
					}
				},
				"url": {
					"raw": "http://0.0.0.0:5002/connect_node",
					"protocol": "http",
					"host": [
						"0",
						"0",
						"0",
						"0"
					],
					"port": "5002",
					"path": [
						"connect_node"
					]
				}
			},
			"response": []
		},
		{
			"name": "5003-Connect Node",
			"request": {
				"method": "POST",
				"header": [],
				"body": {
					"mode": "raw",
					"raw": "{\n    \"nodes\": [\n        \"http://127.0.0.1:5001\",\n        \"http://127.0.0.1:5003\"\n    ]\n}",
					"options": {
						"raw": {
							"language": "json"
						}
					}
				},
				"url": {
					"raw": "http://0.0.0.0:5003/connect_node",
					"protocol": "http",
					"host": [
						"0",
						"0",
						"0",
						"0"
					],
					"port": "5003",
					"path": [
						"connect_node"
					]
				}
			},
			"response": []
		},
		{
			"name": "5002-Connect Node Copy 3",
			"request": {
				"method": "POST",
				"header": [],
				"body": {
					"mode": "raw",
					"raw": "{\n    \"nodes\": [\n        \"http://127.0.0.1:5001\",\n        \"http://127.0.0.1:5003\"\n    ]\n}",
					"options": {
						"raw": {
							"language": "json"
						}
					}
				},
				"url": {
					"raw": "http://0.0.0.0:5002/connect_node",
					"protocol": "http",
					"host": [
						"0",
						"0",
						"0",
						"0"
					],
					"port": "5002",
					"path": [
						"connect_node"
					]
				}
			},
			"response": []
		},
		{
			"name": "5001-Update Chain",
			"protocolProfileBehavior": {
				"disableBodyPruning": true
			},
			"request": {
				"method": "GET",
				"header": [],
				"body": {
					"mode": "raw",
					"raw": "{\"nodes\": [\"http://127.0.0.1:5001\",\"http://127.0.0.1:5002\"]}",
					"options": {
						"raw": {
							"language": "json"
						}
					}
				},
				"url": {
					"raw": "http://0.0.0.0:5001/replace_chain",
					"protocol": "http",
					"host": [
						"0",
						"0",
						"0",
						"0"
					],
					"port": "5001",
					"path": [
						"replace_chain"
					]
				}
			},
			"response": []
		},
		{
			"name": "5002-Update Chain",
			"protocolProfileBehavior": {
				"disableBodyPruning": true
			},
			"request": {
				"method": "GET",
				"header": [],
				"body": {
					"mode": "raw",
					"raw": "{\"nodes\": [\"http://127.0.0.1:5001\",\"http://127.0.0.1:5002\"]}",
					"options": {
						"raw": {
							"language": "json"
						}
					}
				},
				"url": {
					"raw": "http://0.0.0.0:5002/replace_chain",
					"protocol": "http",
					"host": [
						"0",
						"0",
						"0",
						"0"
					],
					"port": "5002",
					"path": [
						"replace_chain"
					]
				}
			},
			"response": []
		},
		{
			"name": "5003-Update Chain",
			"protocolProfileBehavior": {
				"disableBodyPruning": true
			},
			"request": {
				"method": "GET",
				"header": [],
				"body": {
					"mode": "raw",
					"raw": "{\"nodes\": [\"http://127.0.0.1:5001\",\"http://127.0.0.1:5002\"]}",
					"options": {
						"raw": {
							"language": "json"
						}
					}
				},
				"url": {
					"raw": "http://0.0.0.0:5003/replace_chain",
					"protocol": "http",
					"host": [
						"0",
						"0",
						"0",
						"0"
					],
					"port": "5003",
					"path": [
						"replace_chain"
					]
				}
			},
			"response": []
		},
		{
			"name": "5001-Add Transaction",
			"request": {
				"method": "POST",
				"header": [],
				"body": {
					"mode": "raw",
					"raw": "{\n    \"sender\": \"A\",\n    \"receiver\": \"B\",\n    \"amount\": 100\n\n}",
					"options": {
						"raw": {
							"language": "json"
						}
					}
				},
				"url": {
					"raw": "http://0.0.0.0:5001/add_transaction",
					"protocol": "http",
					"host": [
						"0",
						"0",
						"0",
						"0"
					],
					"port": "5001",
					"path": [
						"add_transaction"
					]
				}
			},
			"response": []
		},
		{
			"name": "5002-Add Transaction",
			"request": {
				"method": "POST",
				"header": [],
				"body": {
					"mode": "raw",
					"raw": "{\n    \"sender\": \"B\",\n    \"receiver\": \"C\",\n    \"amount\": 200\n\n}",
					"options": {
						"raw": {
							"language": "json"
						}
					}
				},
				"url": {
					"raw": "http://0.0.0.0:5002/add_transaction",
					"protocol": "http",
					"host": [
						"0",
						"0",
						"0",
						"0"
					],
					"port": "5002",
					"path": [
						"add_transaction"
					]
				}
			},
			"response": []
		},
		{
			"name": "5003-Add Transaction",
			"request": {
				"method": "POST",
				"header": [],
				"body": {
					"mode": "raw",
					"raw": "{\n    \"sender\": \"C\",\n    \"receiver\": \"A\",\n    \"amount\": 300\n\n}",
					"options": {
						"raw": {
							"language": "json"
						}
					}
				},
				"url": {
					"raw": "http://0.0.0.0:5003/add_transaction",
					"protocol": "http",
					"host": [
						"0",
						"0",
						"0",
						"0"
					],
					"port": "5003",
					"path": [
						"add_transaction"
					]
				}
			},
			"response": []
		}
	]
}