{
  "chain": [
    {
      "index": 1, 
      "previous_hash": "0", 
      "proof": 1, 
      "timestamp": "1617272925"
    }, 
    {
      "index": 2, 
      "previous_hash": "abbc0f9b746f61c10a32be403ab15032a7e32ff10b662abeb7f9b5371a2c8863", 
      "proof": 632238, 
      "timestamp": "1617275643"
    }, 
    {
      "index": 3, 
      "previous_hash": "a5db2f2da6a1a15b2813b678517f69f8452923a5a82b1cd522f3edeedf900b8b", 
      "proof": 403091, 
      "timestamp": "1617275704"
    }
  ], 
  "last_block_hash": "82f2034a8d58df31708594a1f91bd830854b0e6e698eddab150c60cc8630717b", 
  "length": 3
}
